m,task,method,sll_db,perr_max_deg,perr_mean_deg,perr_max_pct,gain_cons_db,peak_rel_mean_db
2,0,ideal,-25.0091,0.0013,0.0013,0.0175,0.0066,-0.0033
2,0,argsum,-9.4711,0.0044,0.0044,0.0597,0.0086,-0.0043
2,0,1bit_A,0.0000,0.0544,0.0336,0.7489,0.2301,-0.1151
2,0,1bit_B,-9.4652,0.0250,0.0207,0.3445,0.8481,-0.4241
2,1,ideal,-24.9877,0.0014,0.0014,0.0160,0.0049,-0.0025
2,1,argsum,-9.5236,0.0030,0.0030,0.0331,0.0072,-0.0036
2,1,1bit_A,-9.4811,0.5441,0.5440,6.0568,0.0000,0.0000
2,1,1bit_B,-9.6726,0.0240,0.0165,0.2665,0.2991,-0.1496
2,2,ideal,-25.0066,0.0008,0.0007,0.0019,0.0268,-0.0134
2,2,argsum,-9.5568,0.0071,0.0070,0.0227,0.0377,-0.0188
2,2,1bit_A,0.0000,0.0776,0.0642,0.1801,0.0475,-0.0237
2,2,1bit_B,-9.8514,0.0394,0.0271,0.0915,0.4618,-0.2309
2,3,ideal,-23.4889,0.0020,0.0019,0.0057,0.0020,-0.0010
2,3,argsum,-9.4391,0.0087,0.0085,0.0253,0.0051,-0.0025
2,3,1bit_A,-0.0000,0.0251,0.0211,0.0592,0.4626,-0.2313
2,3,1bit_B,-9.4367,0.0428,0.0384,0.1307,0.0568,-0.0284
2,4,ideal,-24.9120,0.0005,0.0005,0.0022,0.0206,-0.0103
2,4,argsum,-9.5475,0.0076,0.0069,0.0258,0.0313,-0.0156
2,4,1bit_A,0.0000,0.0112,0.0111,0.0445,0.1367,-0.0684
2,4,1bit_B,-9.4353,0.0473,0.0318,0.1304,0.6321,-0.3161
2,5,ideal,-23.2331,0.0031,0.0030,0.0505,0.0070,-0.0035
2,5,argsum,-9.4396,0.0114,0.0113,0.1974,0.0226,-0.0113
2,5,1bit_A,-0.0000,0.1091,0.1038,1.7137,0.0132,-0.0066
2,5,1bit_B,-9.4150,0.0156,0.0136,0.2028,0.3983,-0.1991
2,6,ideal,-25.0052,0.0014,0.0012,0.0128,0.0341,-0.0170
2,6,argsum,-9.4582,0.0063,0.0060,0.0527,0.0495,-0.0248
2,6,1bit_A,0.0000,0.0293,0.0252,0.1959,0.6018,-0.3009
2,6,1bit_B,-9.2105,0.0853,0.0739,0.5818,0.4842,-0.2421
2,7,ideal,-24.9918,0.0006,0.0004,0.0041,0.0103,-0.0051
2,7,argsum,-9.5142,0.0045,0.0041,0.0256,0.0208,-0.0104
2,7,1bit_A,-0.0000,0.0167,0.0114,0.1159,0.0968,-0.0484
2,7,1bit_B,-9.3463,0.0249,0.0178,0.0793,0.3639,-0.1820
2,8,ideal,-24.5445,0.0005,0.0005,0.0029,0.0299,-0.0149
2,8,argsum,-9.4376,0.0036,0.0034,0.0216,0.0419,-0.0209
2,8,1bit_A,0.0000,0.0170,0.0158,0.1015,0.3663,-0.1832
2,8,1bit_B,-9.6721,0.0260,0.0240,0.1529,0.3449,-0.1725
2,9,ideal,-24.5745,0.0002,0.0001,0.0005,0.0238,-0.0119
2,9,argsum,-13.2166,0.0086,0.0079,0.0294,0.0254,-0.0127
2,9,1bit_A,-0.0000,0.0222,0.0129,0.0907,0.0784,-0.0392
2,9,1bit_B,-12.2745,0.0207,0.0184,0.0658,0.1188,-0.0594
2,10,ideal,-24.4486,0.0001,0.0001,0.0002,0.0058,-0.0029
2,10,argsum,-10.1993,0.0059,0.0055,0.0143,0.0065,-0.0032
2,10,1bit_A,-0.0000,0.0150,0.0113,0.0417,0.0086,-0.0043
2,10,1bit_B,-10.3276,0.0342,0.0335,0.0909,0.5605,-0.2802
2,11,ideal,-24.8273,0.0008,0.0007,0.0051,0.0302,-0.0151
2,11,argsum,-9.5983,0.0023,0.0021,0.0184,0.0398,-0.0199
2,11,1bit_A,0.0000,0.0078,0.0070,0.0714,0.0937,-0.0468
2,11,1bit_B,-9.0219,0.0225,0.0179,0.1224,0.1398,-0.0699
2,12,ideal,-24.6882,0.0005,0.0004,0.0015,0.0183,-0.0092
2,12,argsum,-9.5189,0.0042,0.0039,0.0126,0.0263,-0.0131
2,12,1bit_A,0.0000,0.0062,0.0047,0.0187,0.4540,-0.2270
2,12,1bit_B,-9.6682,0.0716,0.0556,0.2159,0.1672,-0.0836
2,13,ideal,-23.8127,0.0242,0.0218,0.1208,0.0297,-0.0149
2,13,argsum,-10.0223,0.0242,0.0225,0.1298,0.0396,-0.0198
2,13,1bit_A,0.0000,0.0220,0.0209,0.1376,0.0107,-0.0053
2,13,1bit_B,-9.7845,0.0547,0.0308,0.1416,0.4393,-0.2197
2,14,ideal,-24.6684,0.0079,0.0079,0.0724,0.0212,-0.0106
2,14,argsum,-9.4978,0.0158,0.0157,0.1448,0.0346,-0.0173
2,14,1bit_A,0.0000,0.0274,0.0156,0.2522,0.0518,-0.0259
2,14,1bit_B,-8.8677,0.0222,0.0208,0.2038,0.1394,-0.0697
2,15,ideal,-24.9359,0.0005,0.0005,0.0026,0.0277,-0.0138
2,15,argsum,-9.4611,0.0059,0.0051,0.0211,0.0396,-0.0198
2,15,1bit_A,0.0000,0.0311,0.0220,0.0693,0.2783,-0.1391
2,15,1bit_B,-9.7698,0.0547,0.0386,0.1222,0.4255,-0.2127
2,16,ideal,-24.5392,0.0008,0.0008,0.0040,0.0069,-0.0034
2,16,argsum,-8.9511,0.0686,0.0633,0.2898,0.0198,-0.0099
2,16,1bit_A,0.0000,0.0757,0.0650,0.2718,0.2837,-0.1419
2,16,1bit_B,-8.3965,0.1157,0.0661,0.3343,0.0465,-0.0233
2,17,ideal,-22.0103,0.0012,0.0011,0.0165,0.0255,-0.0127
2,17,argsum,-9.6276,0.0476,0.0474,0.6720,0.0539,-0.0270
2,17,1bit_A,0.0000,0.0556,0.0453,0.7852,0.1315,-0.0657
2,17,1bit_B,-9.7815,0.0655,0.0523,0.9252,0.2568,-0.1284
2,18,ideal,-23.0444,0.0030,0.0021,0.0796,0.0252,-0.0126
2,18,argsum,-9.5375,0.0045,0.0040,0.1206,0.0317,-0.0158
2,18,1bit_A,0.0000,0.0230,0.0215,0.5357,0.4410,-0.2205
2,18,1bit_B,-9.4728,0.0049,0.0043,0.0968,0.2379,-0.1190
2,19,ideal,-24.6986,0.0006,0.0006,0.0019,0.0233,-0.0116
2,19,argsum,-9.5404,0.0090,0.0084,0.0289,0.0332,-0.0166
2,19,1bit_A,0.0000,0.0194,0.0144,0.0618,0.1815,-0.0908
2,19,1bit_B,-9.5110,0.0612,0.0471,0.1947,0.1087,-0.0544
4,0,ideal,-23.1001,0.0051,0.0032,0.0946,0.0260,-0.0149
4,0,argsum,-12.7238,0.0082,0.0058,0.1482,0.1010,-0.0522
4,0,1bit_A,0.0000,0.0452,0.0276,0.6677,0.3856,-0.1880
4,0,1bit_B,-11.4956,0.0624,0.0388,0.4758,0.7862,-0.4007
4,1,ideal,-23.3378,0.0027,0.0016,0.0082,0.0224,-0.0123
4,1,argsum,-12.7669,0.0241,0.0124,0.0735,0.1104,-0.0575
4,1,1bit_A,-0.0000,0.0698,0.0405,0.2535,0.6051,-0.2422
4,1,1bit_B,-12.0424,0.0548,0.0283,0.1669,0.5012,-0.2456
4,2,ideal,-22.5236,0.0153,0.0132,0.2038,0.0127,-0.0078
4,2,argsum,-12.8915,0.0363,0.0287,0.4235,0.1197,-0.0578
4,2,1bit_A,0.0000,0.1756,0.0877,2.4369,1.0557,-0.5379
4,2,1bit_B,-11.3182,0.0679,0.0403,0.7829,0.1982,-0.1021
4,3,ideal,-20.0627,0.0576,0.0387,0.6514,0.3133,-0.1543
4,3,argsum,-11.5466,0.0620,0.0396,0.5284,0.7333,-0.4043
4,3,1bit_A,0.0000,0.1217,0.0823,0.8734,0.8250,-0.3871
4,3,1bit_B,-11.0294,0.1197,0.0635,0.6061,0.9715,-0.6090
4,4,ideal,-21.9267,0.0837,0.0546,0.5292,0.3156,-0.1629
4,4,argsum,-12.0084,0.1119,0.0714,0.6587,0.2896,-0.1531
4,4,1bit_A,-0.9662,1.3840,0.6118,6.1710,1.4155,-0.5954
4,4,1bit_B,-10.6676,0.1414,0.0837,0.7012,0.6814,-0.4087
4,5,ideal,-24.4855,0.0317,0.0154,0.2742,0.0713,-0.0284
4,5,argsum,-12.5799,0.0292,0.0172,0.2527,0.2065,-0.0996
4,5,1bit_A,0.0000,0.0780,0.0448,0.6746,0.1894,-0.1093
4,5,1bit_B,-11.8595,0.0564,0.0339,0.2657,0.8850,-0.3693
4,6,ideal,-23.0795,0.0526,0.0278,0.6670,0.1124,-0.0545
4,6,argsum,-8.1852,0.0626,0.0318,0.6206,0.2806,-0.1637
4,6,1bit_A,0.0000,0.0948,0.0639,0.6388,0.5663,-0.2189
4,6,1bit_B,-8.2550,0.0509,0.0414,0.5350,0.5166,-0.2219
4,7,ideal,-21.9021,0.0104,0.0058,0.0617,0.0223,-0.0136
4,7,argsum,-12.5726,0.0098,0.0068,0.0345,0.0580,-0.0221
4,7,1bit_A,0.0000,0.0356,0.0175,0.0947,0.4981,-0.2944
4,7,1bit_B,-11.2019,0.0531,0.0309,0.2038,0.7756,-0.3816
4,8,ideal,-24.3715,0.0011,0.0007,0.0123,0.0437,-0.0271
4,8,argsum,-13.0565,0.0128,0.0080,0.1060,0.0628,-0.0285
4,8,1bit_A,0.0000,0.0569,0.0341,0.2387,1.4536,-0.7341
4,8,1bit_B,-12.0218,0.0444,0.0272,0.1700,0.9648,-0.4587
4,9,ideal,-23.8064,0.0027,0.0019,0.0754,0.0176,-0.0098
4,9,argsum,-12.7770,0.0123,0.0098,0.3146,0.1612,-0.0670
4,9,1bit_A,0.0000,0.0767,0.0432,0.3512,0.1147,-0.0499
4,9,1bit_B,-11.4952,0.0407,0.0349,1.1164,0.6448,-0.4556
4,10,ideal,-18.2114,0.0284,0.0164,1.2608,0.0444,-0.0219
4,10,argsum,-10.0453,0.0974,0.0625,2.1270,0.3036,-0.1305
4,10,1bit_A,-2.6602,0.9749,0.4707,34.6293,3.4570,-1.5293
4,10,1bit_B,-9.0236,0.0914,0.0709,2.0481,0.8581,-0.4761
4,11,ideal,-22.4968,0.0277,0.0168,0.3206,0.1700,-0.0812
4,11,argsum,-12.4959,0.0356,0.0209,0.4117,0.3376,-0.1667
4,11,1bit_A,0.0000,0.1512,0.0662,0.4454,0.5005,-0.2510
4,11,1bit_B,-12.1052,0.0821,0.0424,0.3651,0.6984,-0.2739
4,12,ideal,-21.9232,0.0027,0.0015,0.0539,0.0574,-0.0211
4,12,argsum,-12.4623,0.0149,0.0109,0.3672,0.1849,-0.0602
4,12,1bit_A,0.0000,0.1311,0.0963,1.9816,0.1346,-0.0962
4,12,1bit_B,-11.1686,0.0564,0.0364,0.7901,0.4710,-0.2248
4,13,ideal,-24.5439,0.0029,0.0018,0.0132,0.0279,-0.0127
4,13,argsum,-12.9698,0.0096,0.0061,0.0406,0.1481,-0.0592
4,13,1bit_A,0.0000,0.0563,0.0383,0.2959,0.7724,-0.3126
4,13,1bit_B,-11.4367,0.0450,0.0299,0.2509,0.5394,-0.2891
4,14,ideal,-23.6233,0.0015,0.0010,0.0065,0.0145,-0.0095
4,14,argsum,-12.5258,0.0127,0.0101,0.0951,0.0629,-0.0221
4,14,1bit_A,0.0000,0.0670,0.0491,0.6535,0.3698,-0.2579
4,14,1bit_B,-11.9482,0.0643,0.0428,0.2290,0.4015,-0.2400
4,15,ideal,-24.2236,0.0045,0.0026,0.0445,0.0433,-0.0159
4,15,argsum,-12.1732,0.0223,0.0161,0.1401,0.1803,-0.0675
4,15,1bit_A,0.0000,0.0624,0.0331,0.1819,0.3293,-0.1534
4,15,1bit_B,-11.6172,0.0970,0.0506,0.2463,0.4396,-0.2156
4,16,ideal,-22.7612,0.0038,0.0024,0.0657,0.0466,-0.0176
4,16,argsum,-12.1150,0.0211,0.0125,0.3672,0.2001,-0.0820
4,16,1bit_A,0.0000,0.0632,0.0500,1.0992,0.1915,-0.0965
4,16,1bit_B,-12.2512,0.0496,0.0351,0.8615,1.2080,-0.5762
4,17,ideal,-22.2105,0.0197,0.0101,0.2378,0.1527,-0.0801
4,17,argsum,-12.4966,0.0311,0.0177,0.2505,0.3373,-0.1443
4,17,1bit_A,0.0000,0.0342,0.0199,0.2467,0.7365,-0.2698
4,17,1bit_B,-11.5050,0.0438,0.0297,0.5600,0.5430,-0.1793
4,18,ideal,-22.7237,0.0049,0.0031,0.0184,0.0286,-0.0083
4,18,argsum,-12.0595,0.0174,0.0118,0.1613,0.1191,-0.0588
4,18,1bit_A,0.0000,0.0356,0.0202,0.1627,0.2543,-0.1167
4,18,1bit_B,-11.3341,0.0532,0.0292,0.4935,0.3012,-0.1163
4,19,ideal,-20.6203,0.0375,0.0190,0.2470,0.0172,-0.0051
4,19,argsum,-11.2496,0.1311,0.0922,0.5984,0.1651,-0.0615
4,19,1bit_A,0.0000,0.1232,0.0820,0.5275,0.3047,-0.1287
4,19,1bit_B,-10.8840,0.0976,0.0757,0.6567,0.5678,-0.2123
8,0,ideal,-21.5800,0.0372,0.0185,0.5378,0.1933,-0.0655
8,0,argsum,-11.1276,0.0797,0.0424,1.0678,0.6215,-0.3261
8,0,1bit_A,0.0000,0.2187,0.0781,1.8554,1.7552,-0.8240
8,0,1bit_B,-10.3772,0.1386,0.0732,2.2653,1.4109,-0.6591
8,1,ideal,-20.3331,0.0369,0.0178,0.2688,0.3897,-0.1327
8,1,argsum,-10.6106,0.0963,0.0494,1.2408,0.8214,-0.3389
8,1,1bit_A,0.0000,0.1077,0.0766,2.9001,1.5185,-0.6123
8,1,1bit_B,-10.4879,0.0983,0.0647,2.5150,0.7745,-0.2970
8,2,ideal,-20.1230,0.0389,0.0138,0.5166,0.1229,-0.0512
8,2,argsum,-10.6256,0.0554,0.0327,0.8012,0.5551,-0.3472
8,2,1bit_A,-0.0000,2.3601,0.3882,34.1270,0.8543,-0.3154
8,2,1bit_B,-9.5220,0.0930,0.0588,0.5808,1.1911,-0.5561
8,3,ideal,-19.8893,0.0205,0.0131,0.3590,0.1895,-0.0851
8,3,argsum,-10.7469,0.0526,0.0375,0.9201,0.6600,-0.3091
8,3,1bit_A,0.0000,0.1554,0.0820,2.4470,1.0821,-0.4770
8,3,1bit_B,-10.2104,0.1473,0.0824,0.8824,1.2177,-0.3550
8,4,ideal,-19.5702,0.1283,0.0493,3.8282,0.4184,-0.2274
8,4,argsum,-9.8542,0.1778,0.0668,5.3045,1.0104,-0.5561
8,4,1bit_A,0.0000,1.9923,0.4001,20.1533,1.3331,-0.8121
8,4,1bit_B,-8.5887,0.1221,0.0866,3.5529,0.9239,-0.4827
8,5,ideal,-21.2757,0.0340,0.0152,0.4977,0.1259,-0.0528
8,5,argsum,-11.7335,0.0685,0.0335,0.3618,0.4246,-0.2532
8,5,1bit_A,0.0000,0.1319,0.0868,3.2721,0.8102,-0.4893
8,5,1bit_B,-10.2634,0.1257,0.0598,0.4826,1.3507,-0.5891
8,6,ideal,-19.7130,0.0959,0.0283,1.3308,0.1696,-0.0663
8,6,argsum,-8.5471,0.1813,0.0732,2.6092,0.8328,-0.3657
8,6,1bit_A,0.0000,0.1503,0.0965,2.1629,1.0807,-0.5091
8,6,1bit_B,-8.7186,0.1473,0.0977,2.1207,1.2791,-0.6843
8,7,ideal,-20.9659,0.0224,0.0111,0.0665,0.1522,-0.0961
8,7,argsum,-11.7871,0.0710,0.0346,0.4656,0.2846,-0.1621
8,7,1bit_A,0.0000,0.1021,0.0517,0.4649,1.0109,-0.4780
8,7,1bit_B,-8.5239,0.0861,0.0672,0.7562,1.1753,-0.6468
8,8,ideal,-20.4534,0.0696,0.0218,0.1863,0.5948,-0.3449
8,8,argsum,-10.6041,0.0823,0.0676,0.5988,0.9265,-0.4320
8,8,1bit_A,0.0000,0.1653,0.0949,0.6892,1.8769,-0.8869
8,8,1bit_B,-10.2809,0.1588,0.0897,0.6174,1.7456,-0.7489
8,9,ideal,-19.8424,0.1002,0.0327,0.7274,0.3016,-0.0887
8,9,argsum,-8.5324,0.2123,0.0743,3.0840,0.7777,-0.3926
8,9,1bit_A,0.0000,0.2796,0.1573,9.6519,2.5362,-1.0599
8,9,1bit_B,-8.5379,0.2343,0.0955,4.8754,1.5387,-0.4500
8,10,ideal,-20.9471,0.0260,0.0085,0.5845,0.1948,-0.1366
8,10,argsum,-10.5425,0.0716,0.0366,1.7237,0.4442,-0.2751
8,10,1bit_A,0.0000,0.1265,0.0510,3.0476,0.7880,-0.4607
8,10,1bit_B,-10.4568,0.0838,0.0485,0.9917,0.8878,-0.3634
8,11,ideal,-20.2637,0.0364,0.0191,1.0880,0.2305,-0.1385
8,11,argsum,-10.6461,0.1011,0.0462,3.0227,1.0706,-0.5426
8,11,1bit_A,-0.0000,0.2701,0.1012,8.0784,1.7528,-0.7506
8,11,1bit_B,-10.1629,0.1630,0.0815,3.0291,1.9242,-0.8630
8,12,ideal,-19.7417,0.0561,0.0201,0.9448,0.1303,-0.0480
8,12,argsum,-11.1720,0.1046,0.0410,1.7622,0.5058,-0.2688
8,12,1bit_A,0.0000,0.1896,0.1019,3.1397,1.2758,-0.5620
8,12,1bit_B,-9.9408,0.1279,0.0657,2.1408,0.3928,-0.2261
8,13,ideal,-18.4585,0.0227,0.0104,0.3741,0.1023,-0.0328
8,13,argsum,-11.7063,0.0513,0.0268,1.8896,0.2706,-0.1286
8,13,1bit_A,0.0000,0.1311,0.0638,4.0234,1.5512,-0.8205
8,13,1bit_B,-11.1328,0.0676,0.0388,1.8349,1.3852,-0.6784
8,14,ideal,-18.6049,0.0318,0.0110,0.2640,0.2402,-0.0860
8,14,argsum,-10.4837,0.0516,0.0315,0.8994,0.6472,-0.3108
8,14,1bit_A,-0.0000,0.1012,0.0582,1.5392,1.5373,-0.7692
8,14,1bit_B,-10.2897,0.0892,0.0658,0.9442,1.2842,-0.6755
8,15,ideal,-20.0775,0.0678,0.0203,0.3081,0.2781,-0.1429
8,15,argsum,-11.8935,0.0817,0.0336,0.3597,0.5901,-0.3176
8,15,1bit_A,0.0000,0.1012,0.0516,0.5184,1.1783,-0.7954
8,15,1bit_B,-10.4868,0.1958,0.0900,0.7522,0.9437,-0.4592
8,16,ideal,-19.3359,0.0716,0.0389,0.4762,0.2435,-0.1220
8,16,argsum,-11.0500,0.0946,0.0595,0.9893,0.6942,-0.3158
8,16,1bit_A,0.0000,0.1910,0.1141,2.1836,1.2476,-0.5234
8,16,1bit_B,-9.2354,0.1060,0.0555,1.1658,0.7216,-0.4359
8,17,ideal,-20.5716,0.0551,0.0189,0.1587,0.2785,-0.0876
8,17,argsum,-10.7293,0.0982,0.0504,1.0977,0.4470,-0.1737
8,17,1bit_A,-0.0000,0.1517,0.0987,0.7122,1.1295,-0.4809
8,17,1bit_B,-10.5588,0.1278,0.0763,1.3414,0.8938,-0.4141
8,18,ideal,-19.6941,0.0539,0.0166,0.3403,0.0775,-0.0407
8,18,argsum,-10.8225,0.0865,0.0393,0.3749,0.4364,-0.1464
8,18,1bit_A,-0.0000,0.2540,0.0957,1.8909,0.9388,-0.3544
8,18,1bit_B,-9.6931,0.0981,0.0726,0.9087,1.3265,-0.6234
8,19,ideal,-21.1247,0.0269,0.0162,0.8414,0.1550,-0.0607
8,19,argsum,-11.6233,0.0671,0.0285,1.2197,0.7262,-0.4499
8,19,1bit_A,0.0000,0.1276,0.0565,6.2074,1.5375,-0.9126
8,19,1bit_B,-10.7654,0.1516,0.0601,1.2662,1.0963,-0.4535
16,0,ideal,-17.7855,0.0655,0.0297,0.7039,0.8126,-0.5425
16,0,argsum,-10.0807,0.0761,0.0547,1.2084,1.3961,-0.6917
16,0,1bit_A,-0.0000,0.4486,0.1256,7.6386,2.7152,-1.6533
16,0,1bit_B,-9.2425,0.2221,0.0909,1.9550,2.2397,-1.1267
16,1,ideal,-19.5217,0.0886,0.0375,2.4757,0.5504,-0.3355
16,1,argsum,-10.6913,0.1056,0.0625,1.9741,0.9960,-0.4470
16,1,1bit_A,0.0000,0.2245,0.0979,6.8947,2.2232,-0.9577
16,1,1bit_B,-8.8375,0.2211,0.0893,3.9069,1.8850,-1.0568
16,2,ideal,-18.8637,0.0709,0.0244,0.5724,0.1555,-0.0703
16,2,argsum,-10.4244,0.1293,0.0626,1.3825,0.9534,-0.5472
16,2,1bit_A,0.0000,0.2384,0.1336,4.5110,1.9784,-1.1283
16,2,1bit_B,-8.8625,0.1694,0.0816,3.5294,1.6745,-0.8731
16,3,ideal,-18.9842,0.0508,0.0222,0.4647,0.5015,-0.3630
16,3,argsum,-10.5173,0.1313,0.0592,1.4930,0.9519,-0.4153
16,3,1bit_A,0.0000,0.2364,0.1001,1.3788,2.0149,-1.0677
16,3,1bit_B,-9.9562,0.2604,0.0901,1.1717,2.0150,-0.9076
16,4,ideal,-19.1182,0.0589,0.0225,0.3803,0.2259,-0.1489
16,4,argsum,-9.3879,0.1117,0.0587,0.9523,0.7137,-0.3576
16,4,1bit_A,0.0000,0.3624,0.1707,2.4405,2.6369,-1.4734
16,4,1bit_B,-8.3599,0.2486,0.1254,1.8150,2.4053,-0.9710
16,5,ideal,-17.4310,0.1313,0.0288,0.6991,0.8889,-0.4108
16,5,argsum,-10.1074,0.1850,0.0512,0.7145,2.3255,-0.9377
16,5,1bit_A,-2.1300,2.3314,0.3359,7.6544,4.1184,-2.4447
16,5,1bit_B,-8.1323,0.1992,0.0824,1.1133,2.3761,-1.0733
16,6,ideal,-19.3183,0.0704,0.0286,0.3535,0.3981,-0.0939
16,6,argsum,-11.3885,0.1233,0.0641,0.6997,1.1577,-0.6570
16,6,1bit_A,-0.0000,0.3298,0.1307,1.1885,2.5919,-1.6961
16,6,1bit_B,-9.2357,0.1645,0.0875,1.4077,1.5304,-0.7234
16,7,ideal,-19.0539,0.0729,0.0262,0.9578,0.3683,-0.2255
16,7,argsum,-8.9953,0.1183,0.0522,1.6844,0.7961,-0.3565
16,7,1bit_A,-0.0000,0.3255,0.1064,5.2177,4.7147,-2.0268
16,7,1bit_B,-8.6933,0.2122,0.0869,2.7775,1.6553,-0.9351
16,8,ideal,-20.1989,0.1349,0.0530,1.3663,0.9810,-0.4953
16,8,argsum,-8.8908,0.2681,0.0954,2.4934,1.3924,-0.8926
16,8,1bit_A,0.0000,0.3062,0.1455,6.4727,2.3718,-1.2573
16,8,1bit_B,-8.9471,0.2088,0.1174,2.7345,3.1481,-1.0565
16,9,ideal,-18.9055,0.0462,0.0223,0.9069,0.4396,-0.1184
16,9,argsum,-9.6531,0.0932,0.0506,1.8020,1.1935,-0.5466
16,9,1bit_A,0.0000,0.3431,0.1458,4.8249,3.4458,-1.8404
16,9,1bit_B,-9.5177,0.1425,0.0779,2.0038,1.9280,-0.9668
16,10,ideal,-19.1547,0.0557,0.0266,1.6103,0.2298,-0.0909
16,10,argsum,-9.7127,0.1029,0.0500,2.3150,0.6337,-0.2492
16,10,1bit_A,-0.0000,0.2258,0.1315,4.3838,2.6049,-1.1224
16,10,1bit_B,-8.5476,0.2129,0.0751,0.7725,1.4696,-0.6011
16,11,ideal,-18.3395,0.1516,0.0474,2.4851,0.7141,-0.4380
16,11,argsum,-9.2218,0.2065,0.0696,3.3850,1.0452,-0.5289
16,11,1bit_A,-0.4258,2.3883,0.3951,63.7379,2.4518,-1.3245
16,11,1bit_B,-9.1960,0.2819,0.1137,4.4233,1.6803,-0.8272
16,12,ideal,-18.2914,0.1470,0.0357,1.6306,0.4034,-0.2813
16,12,argsum,-8.7690,0.2146,0.0761,3.1834,0.8469,-0.2818
16,12,1bit_A,0.0000,0.4101,0.1337,5.2775,1.6354,-0.7424
16,12,1bit_B,-7.8923,0.2227,0.1033,3.3193,1.7064,-0.7762
16,13,ideal,-18.4317,0.1276,0.0386,0.7878,0.7810,-0.4611
16,13,argsum,-10.6186,0.1538,0.0700,1.4188,1.6470,-0.9035
16,13,1bit_A,0.0000,0.3994,0.1607,3.7032,3.4464,-1.3816
16,13,1bit_B,-9.0231,0.1876,0.0935,0.9461,2.2226,-0.9885
16,14,ideal,-17.9628,0.1176,0.0467,1.5178,0.6256,-0.3865
16,14,argsum,-9.6996,0.1984,0.0776,3.6053,1.7769,-0.8362
16,14,1bit_A,-0.0000,0.2809,0.1171,7.7218,3.6977,-2.0107
16,14,1bit_B,-7.7095,0.2576,0.1044,1.4666,2.1750,-1.2079
16,15,ideal,-18.4477,0.0859,0.0245,0.8072,0.4826,-0.1128
16,15,argsum,-8.7852,0.0924,0.0565,0.7667,0.7733,-0.4389
16,15,1bit_A,-3.6094,2.0123,0.3177,18.9015,4.9600,-3.7422
16,15,1bit_B,-8.0854,0.1779,0.0932,1.6117,1.4064,-0.8244
16,16,ideal,-19.0611,0.1243,0.0438,2.9171,0.5485,-0.3468
16,16,argsum,-9.6347,0.1796,0.0763,5.0891,1.8060,-0.9740
16,16,1bit_A,0.0000,1.7208,0.2524,7.4841,3.1538,-1.1976
16,16,1bit_B,-7.5626,0.2041,0.0896,2.5094,2.3303,-1.3755
16,17,ideal,-20.2595,0.0757,0.0376,0.9871,0.5458,-0.2332
16,17,argsum,-8.4414,0.1452,0.0774,2.3040,1.2961,-0.5300
16,17,1bit_A,0.0000,0.2570,0.1370,2.9525,2.4461,-1.1790
16,17,1bit_B,-8.8550,0.2943,0.1165,3.1066,1.6345,-1.0670
16,18,ideal,-19.6266,0.0892,0.0368,1.6613,0.6098,-0.3369
16,18,argsum,-9.5656,0.2118,0.0831,7.0932,1.2161,-0.5524
16,18,1bit_A,-4.9649,2.1990,0.4033,14.3541,6.9089,-5.0950
16,18,1bit_B,-9.1545,0.3389,0.1264,11.0597,2.3416,-1.0585
16,19,ideal,-17.9524,0.0863,0.0230,1.8480,0.2974,-0.1194
16,19,argsum,-10.3318,0.1231,0.0453,1.2720,0.9481,-0.5681
16,19,1bit_A,-3.2189,0.6565,0.1950,14.0541,6.4473,-4.3136
16,19,1bit_B,-9.1506,0.2434,0.1048,1.5356,1.5294,-0.7803
32,0,ideal,-17.0854,0.1467,0.0445,1.1446,0.4923,-0.2407
32,0,argsum,-9.1029,0.1910,0.0893,2.0302,1.6775,-0.7227
32,0,1bit_A,-0.0000,1.8429,0.1996,4.8668,3.8188,-1.8622
32,0,1bit_B,-8.0231,0.3569,0.1440,4.8129,3.8815,-1.7119
32,1,ideal,-18.4705,0.1311,0.0533,1.9348,1.0859,-0.6652
32,1,argsum,-9.3345,0.2182,0.0887,1.6805,2.2503,-1.0612
32,1,1bit_A,0.0000,1.7881,0.2342,36.8368,4.5865,-2.5162
32,1,1bit_B,-7.4364,0.3881,0.1331,2.7680,3.0942,-1.7798
32,2,ideal,-17.4341,0.1701,0.0558,3.6484,0.5935,-0.2895
32,2,argsum,-8.9353,0.1989,0.0942,7.6280,2.4794,-1.0306
32,2,1bit_A,-1.9633,1.4056,0.2674,13.5745,7.3875,-3.8880
32,2,1bit_B,-7.6382,0.3835,0.1640,6.4651,4.3018,-1.7490
32,3,ideal,-17.2678,0.1422,0.0508,2.7171,0.4755,-0.2416
32,3,argsum,-8.2827,0.2128,0.0906,4.3020,1.7770,-0.8690
32,3,1bit_A,-0.6914,2.3487,0.2944,7.8406,3.6567,-1.7035
32,3,1bit_B,-5.1905,0.3203,0.1352,6.1235,2.8724,-1.1678
32,4,ideal,-17.8780,0.1404,0.0437,1.0890,1.1209,-0.7446
32,4,argsum,-8.9483,0.2132,0.0894,2.1878,2.5262,-1.1297
32,4,1bit_A,-3.2153,1.9663,0.2596,15.9249,6.2601,-4.1825
32,4,1bit_B,-6.9216,0.4092,0.1384,4.0748,3.0452,-1.5409
32,5,ideal,-17.2022,0.1234,0.0415,0.9645,0.5588,-0.2796
32,5,argsum,-8.5649,0.1424,0.0712,3.5383,1.7875,-0.7415
32,5,1bit_A,-1.5534,1.1482,0.2482,37.2957,5.3015,-2.7799
32,5,1bit_B,-6.8192,0.2836,0.1405,9.7333,3.5804,-1.8448
32,6,ideal,-17.5665,0.1150,0.0463,1.2225,0.8615,-0.3946
32,6,argsum,-6.2701,0.2612,0.1020,2.0640,2.6777,-0.9231
32,6,1bit_A,0.0000,1.3489,0.2442,3.5225,4.6748,-2.3863
32,6,1bit_B,-7.1466,0.3289,0.1385,3.3451,4.2267,-1.8827
32,7,ideal,-16.9226,0.1486,0.0502,1.2362,0.6546,-0.3505
32,7,argsum,-8.6650,0.2136,0.0877,1.2228,1.7836,-0.8036
32,7,1bit_A,0.0000,1.9010,0.2387,9.0671,5.1982,-1.5964
32,7,1bit_B,-6.8333,0.4207,0.1406,2.1676,3.3813,-1.6839
32,8,ideal,-16.6858,0.1519,0.0510,2.4579,0.7815,-0.2909
32,8,argsum,-6.1982,0.2974,0.0933,4.1870,1.9918,-0.7274
32,8,1bit_A,-3.4179,2.3623,0.3673,33.2542,7.5216,-5.1589
32,8,1bit_B,-4.6913,0.3602,0.1450,5.0376,3.1624,-2.0205
32,9,ideal,-16.7818,0.0962,0.0418,0.9387,0.8591,-0.6087
32,9,argsum,-9.8035,0.1892,0.0849,2.3773,2.6385,-1.3588
32,9,1bit_A,-1.7644,2.4690,0.3343,24.5112,6.7780,-4.0686
32,9,1bit_B,-8.5453,0.3260,0.1254,1.5752,3.4338,-1.8531
32,10,ideal,-15.7895,0.1254,0.0495,1.7134,1.2917,-0.6116
32,10,argsum,-7.4459,0.3204,0.1153,3.5709,2.8503,-1.4180
32,10,1bit_A,-4.1945,0.6164,0.2044,11.3766,7.2195,-5.6331
32,10,1bit_B,-8.5155,0.3157,0.1438,4.6843,4.5718,-2.4684
32,11,ideal,-18.0691,0.1111,0.0443,1.7294,0.8090,-0.5670
32,11,argsum,-6.5014,0.2086,0.0849,4.8416,2.4718,-0.8976
32,11,1bit_A,0.0000,2.1999,0.2189,46.2600,3.7954,-2.2543
32,11,1bit_B,-6.1565,0.4004,0.1350,6.7638,3.3986,-1.8865
32,12,ideal,-18.0058,0.1246,0.0461,1.3862,0.8356,-0.3325
32,12,argsum,-8.3726,0.2403,0.0908,3.6142,2.1085,-0.7922
32,12,1bit_A,-0.0000,1.0398,0.2039,4.9099,4.3031,-1.8216
32,12,1bit_B,-8.2541,0.4225,0.1127,6.2317,3.5397,-1.6208
32,13,ideal,-15.9525,0.1186,0.0524,0.9325,1.0670,-0.5581
32,13,argsum,-8.5062,0.3018,0.1045,2.1659,2.4667,-0.8792
32,13,1bit_A,-3.1317,2.5515,0.4594,10.1745,6.8150,-3.9507
32,13,1bit_B,-7.7901,0.3464,0.1345,4.0315,3.0263,-1.5596
32,14,ideal,-18.3052,0.1476,0.0528,1.5351,1.4847,-1.0135
32,14,argsum,-8.6901,0.2630,0.0905,1.4732,2.1070,-1.0718
32,14,1bit_A,-4.2799,1.4717,0.2465,9.1315,7.5370,-5.6639
32,14,1bit_B,-6.3173,0.4027,0.1192,3.2219,3.7315,-1.6224
32,15,ideal,-15.2353,0.1480,0.0486,5.3199,0.7923,-0.3230
32,15,argsum,-7.9537,0.3243,0.0858,7.7106,2.3852,-0.9286
32,15,1bit_A,-0.2071,2.1135,0.3431,50.8175,3.5169,-1.4419
32,15,1bit_B,-8.6170,0.3067,0.1485,6.9962,4.5233,-1.9103
32,16,ideal,-17.9152,0.1614,0.0424,0.9566,1.1310,-0.5948
32,16,argsum,-9.2261,0.2235,0.0967,2.1455,2.1063,-0.8987
32,16,1bit_A,-0.0000,2.0480,0.2226,6.4639,3.4750,-1.5609
32,16,1bit_B,-8.2783,0.3223,0.1308,2.1288,3.5103,-1.9654
32,17,ideal,-17.3968,0.1905,0.0649,3.4091,1.3338,-0.8197
32,17,argsum,-8.7052,0.3339,0.1084,3.5926,4.1089,-1.9968
32,17,1bit_A,-0.3662,1.7921,0.2359,8.2262,5.1511,-2.1169
32,17,1bit_B,-5.5709,0.3213,0.1436,8.4623,3.8126,-1.3710
32,18,ideal,-18.2845,0.1529,0.0532,4.8196,0.8914,-0.4524
32,18,argsum,-9.1107,0.2276,0.0970,5.9777,2.7975,-1.6935
32,18,1bit_A,-1.6182,1.0987,0.2845,20.3007,5.3754,-3.2760
32,18,1bit_B,-7.5532,0.3432,0.1453,8.1740,3.1220,-1.5986
32,19,ideal,-18.3774,0.1423,0.0640,2.5258,1.0695,-0.5844
32,19,argsum,-8.8652,0.3222,0.1127,3.3000,2.7640,-1.1101
32,19,1bit_A,-0.3979,2.3805,0.3036,7.9395,4.9940,-2.4918
32,19,1bit_B,-5.5260,0.3190,0.1474,8.3426,3.3444,-1.4012
36,0,ideal,-15.9971,0.2143,0.0648,1.2375,0.9225,-0.4933
36,0,argsum,-7.1062,0.2578,0.1037,2.1910,2.5766,-0.9033
36,0,1bit_A,-4.8613,2.4712,0.2715,25.1752,8.6271,-5.7552
36,0,1bit_B,-5.1589,0.3599,0.1473,3.9556,3.6703,-1.8891
36,1,ideal,-13.1437,0.1791,0.0496,4.0230,0.8625,-0.4334
36,1,argsum,-8.2385,0.1889,0.0938,3.7907,2.4869,-0.8940
36,1,1bit_A,-3.2545,1.4047,0.2343,7.0892,7.8176,-4.5586
36,1,1bit_B,-6.8082,0.3017,0.1312,3.3747,4.3912,-1.6966
36,2,ideal,-16.7543,0.1836,0.0622,0.8452,1.2381,-0.2754
36,2,argsum,-8.7441,0.3699,0.1195,1.8453,3.3533,-1.2535
36,2,1bit_A,0.0000,2.0378,0.3032,31.9777,5.2024,-1.6957
36,2,1bit_B,-7.4349,0.3488,0.1518,4.0799,4.2152,-1.7848
36,3,ideal,-16.9879,0.1276,0.0488,2.1767,0.8391,-0.4575
36,3,argsum,-9.2226,0.2936,0.1055,6.0628,2.8690,-1.1879
36,3,1bit_A,-2.8800,2.5094,0.3626,21.8794,8.4349,-5.1029
36,3,1bit_B,-8.1530,0.3981,0.1323,6.9077,5.6617,-2.4879
36,4,ideal,-15.8751,0.1412,0.0477,1.2195,0.5411,-0.2598
36,4,argsum,-8.4576,0.2444,0.0984,3.7592,1.7298,-0.8744
36,4,1bit_A,0.0000,2.2324,0.2780,47.3157,4.5973,-1.8640
36,4,1bit_B,-5.2324,0.3410,0.1398,8.3931,2.7230,-1.1800
36,5,ideal,-16.2774,0.1290,0.0596,1.7088,0.7025,-0.3432
36,5,argsum,-6.6437,0.2876,0.1088,3.4010,1.6493,-0.8828
36,5,1bit_A,-4.5289,2.4941,0.4153,38.9288,9.2479,-5.9862
36,5,1bit_B,-6.4820,0.3831,0.1477,3.2077,2.9814,-1.5832
36,6,ideal,-17.9471,0.2092,0.0588,1.6781,0.9123,-0.5931
36,6,argsum,-7.7799,0.2710,0.0969,1.5454,2.9511,-1.6457
36,6,1bit_A,-3.2699,0.6904,0.1810,5.2292,8.2918,-5.1598
36,6,1bit_B,-7.9041,0.4606,0.1600,1.7898,4.0522,-1.7015
36,7,ideal,-17.3107,0.2018,0.0528,1.9082,1.0678,-0.5380
36,7,argsum,-7.6920,0.2780,0.1021,6.7513,2.3811,-1.0548
36,7,1bit_A,-0.8896,2.5805,0.3597,25.8117,5.3791,-3.1987
36,7,1bit_B,-5.5129,0.4198,0.1472,11.0076,3.9231,-1.5918
36,8,ideal,-16.0422,0.1263,0.0585,2.0889,1.1107,-0.4969
36,8,argsum,-7.5000,0.2204,0.1094,3.8159,2.1238,-1.0262
36,8,1bit_A,-3.1842,2.4204,0.3450,13.7864,9.8402,-4.4605
36,8,1bit_B,-7.6238,0.3146,0.1531,4.6056,4.4829,-2.0243
36,9,ideal,-16.6881,0.1550,0.0559,5.0992,0.9757,-0.4362
36,9,argsum,-8.8458,0.2855,0.1114,4.5655,2.9715,-1.3493
36,9,1bit_A,-2.0140,2.4493,0.3919,65.4372,6.6430,-4.0605
36,9,1bit_B,-7.4145,0.3988,0.1728,7.2835,4.3018,-1.6839
36,10,ideal,-16.4154,0.1147,0.0488,3.5589,1.1723,-0.6129
36,10,argsum,-8.8208,0.1866,0.0762,4.3255,3.4038,-1.9485
36,10,1bit_A,-2.3691,2.2671,0.2459,10.9857,7.5153,-5.0978
36,10,1bit_B,-7.2070,0.2998,0.1343,2.8886,3.7814,-1.6411
36,11,ideal,-16.8070,0.1494,0.0552,5.5273,1.0438,-0.5288
36,11,argsum,-9.0905,0.2211,0.0969,7.9777,2.3659,-1.1644
36,11,1bit_A,-3.3003,2.7689,0.4326,15.5505,7.7371,-4.4990
36,11,1bit_B,-7.5493,0.3540,0.1592,13.2340,4.3448,-2.2519
36,12,ideal,-17.9914,0.1219,0.0487,0.6217,0.8136,-0.4102
36,12,argsum,-8.1145,0.2177,0.0914,0.9643,2.4166,-1.1164
36,12,1bit_A,-2.6457,2.4098,0.4107,23.9729,8.6830,-4.8955
36,12,1bit_B,-5.8547,0.4533,0.1289,2.1766,4.6386,-2.1451
36,13,ideal,-15.4205,0.1363,0.0576,3.2444,0.8416,-0.2918
36,13,argsum,-7.5662,0.2931,0.1188,4.9088,3.4558,-0.9776
36,13,1bit_A,-4.9149,3.2866,0.4420,19.7544,9.5834,-5.3975
36,13,1bit_B,-6.4369,0.5800,0.1642,4.5502,3.3466,-1.4492
36,14,ideal,-16.9926,0.1544,0.0549,1.0955,0.8308,-0.4040
36,14,argsum,-7.5990,0.3617,0.1165,8.0621,3.0760,-1.0949
36,14,1bit_A,-2.7117,2.3695,0.3422,55.2339,8.1174,-5.2167
36,14,1bit_B,-5.8621,0.2755,0.1417,5.6734,5.1357,-1.6789
36,15,ideal,-17.5404,0.1116,0.0406,1.0007,0.7396,-0.3350
36,15,argsum,-9.0661,0.2088,0.0893,2.8460,2.5760,-1.1970
36,15,1bit_A,-3.4708,1.2786,0.2496,6.8066,8.2859,-4.9001
36,15,1bit_B,-7.2080,0.2856,0.1310,3.7356,3.7819,-1.5949
36,16,ideal,-16.9549,0.1858,0.0480,2.5440,0.6211,-0.2335
36,16,argsum,-9.2159,0.2770,0.0957,4.4977,1.5997,-0.7884
36,16,1bit_A,-0.0000,2.5991,0.3111,41.0574,2.8305,-1.5376
36,16,1bit_B,-7.6855,0.4039,0.1593,5.5986,3.1795,-1.7989
36,17,ideal,-18.4519,0.1726,0.0584,1.2206,0.8485,-0.4376
36,17,argsum,-7.8237,0.2926,0.1152,2.0240,2.0910,-1.0474
36,17,1bit_A,0.0000,2.1475,0.3068,11.9639,4.0127,-1.9617
36,17,1bit_B,-7.2156,0.3337,0.1483,4.9978,3.2360,-1.2107
36,18,ideal,-16.1896,0.1691,0.0444,4.4686,1.3804,-0.3461
36,18,argsum,-7.7108,0.3134,0.1127,8.2847,3.0575,-1.3001
36,18,1bit_A,0.0000,2.4642,0.3819,90.5963,6.4780,-2.5264
36,18,1bit_B,-6.4350,0.3946,0.1651,10.4309,4.9076,-1.9919
36,19,ideal,-14.6333,0.2715,0.0588,3.5067,0.9758,-0.5090
36,19,argsum,-7.7874,0.2878,0.1176,6.3519,2.8901,-1.2271
36,19,1bit_A,0.0000,0.5889,0.1983,12.1618,4.7861,-2.5305
36,19,1bit_B,-7.2228,0.3322,0.1851,10.0237,3.5575,-1.5357
