m,task,sll,cons,perr,sec
2,0,-25.33249871520087,0.34750408580792597,0.10368422465903271,10.673283278942108
2,1,-23.51511501027875,0.730926013220723,0.09741098110690995,10.673283278942108
2,2,-23.467409260772108,0.5703291254245267,0.13029726966489805,10.673283278942108
2,3,-24.22119072529776,0.029552207405347003,0.08035471509692328,10.673283278942108
2,4,-23.641631789799572,0.7745805916251008,0.09273650553774515,10.673283278942108
2,5,-25.60986571888566,0.36523737779927007,0.0904009162347454,10.673283278942108
2,6,-23.541711453690194,0.7040390264591141,0.05559018264404427,10.673283278942108
2,7,-23.11895675348541,0.6195541417995252,0.10838080031814284,10.673283278942108
2,8,-21.39921825407955,0.542080073384474,0.11565407386207684,10.673283278942108
2,9,-22.40141286258188,0.6445022336302336,0.03411653990546058,10.673283278942108
2,10,-25.14539030588651,0.3125708767055764,0.05682580315911615,10.673283278942108
2,11,-23.146035734912527,0.5469971789926954,0.07917627387871798,10.673283278942108
2,12,-25.55273167334444,0.06454461714196902,0.0256039949143107,10.673283278942108
2,13,-24.335675873048842,0.13318910131955444,0.07190621088123987,10.673283278942108
2,14,-24.641152068903025,0.07929760668390005,0.04787375381218691,10.673283278942108
2,15,-25.37911622279427,0.2372399429891167,0.051496805966039665,10.673283278942108
2,16,-23.630239186376983,0.5752671317778373,0.05579878346115146,10.673283278942108
2,17,-24.197581012984344,0.633490579092896,0.07777514095948918,10.673283278942108
2,18,-26.671833831931533,0.4481629751020105,0.044943498188662764,10.673283278942108
2,19,-22.52771078579128,0.6317689601775957,0.08337088843999262,10.673283278942108
2,20,-23.623657709276564,0.6031482079757715,0.0543552981996565,10.673283278942108
2,21,-23.273220453429396,0.6108601832428207,0.037273285977178036,10.673283278942108
2,22,-23.969127115974477,0.5527292736729934,0.05223973921628073,10.673283278942108
2,23,-24.275895660874323,0.4524072645250011,0.02812631592645216,10.673283278942108
2,24,-23.282446949840875,0.6155520443571414,0.08696249796055665,10.673283278942108
2,25,-26.086959253088843,0.04763476756105363,0.06348775289819708,10.673283278942108
2,26,-23.188732184646135,0.32767451724011176,0.08373017550423774,10.673283278942108
2,27,-23.760532576319292,0.6776367828185905,0.02744327847738824,10.673283278942108
2,28,-22.91999060202425,0.6191021024264012,0.09124136931152757,10.673283278942108
2,29,-22.97608726365698,0.6095256966531633,0.049363684668044125,10.673283278942108
2,30,-22.410495094449576,0.5111668111760583,0.07068134186263528,10.673283278942108
2,31,-25.21140228249021,0.2910244525438451,0.1420766757726308,10.673283278942108
2,32,-22.76068559968731,0.6790075678551354,0.07987996627824136,10.673283278942108
2,33,-23.3925078950791,0.8073668578447568,0.12704584038662053,10.673283278942108
2,34,-24.766028432843047,0.05057428411670617,0.0902792216566213,10.673283278942108
2,35,-25.10883129052867,0.32138575760318766,0.0595215390327727,10.673283278942108
2,36,-25.526006105033638,0.38585291998489235,0.07604636495387512,10.673283278942108
2,37,-24.110001542329282,0.788168361372764,0.063137824010772,10.673283278942108
2,38,-23.527588098856068,0.5056767111604006,0.08270961918020014,10.673283278942108
2,39,-26.128101967802635,0.04306198005084063,0.013169482876395454,10.673283278942108
2,40,-23.442004455743174,0.728930737098712,0.05555367472611451,10.673283278942108
2,41,-24.89709090793601,0.10348992814461344,0.06026768704317451,10.673283278942108
2,42,-23.142211807581017,0.44606780907743443,0.10441784697156131,10.673283278942108
2,43,-24.546903529347727,0.05630576342328629,0.07228965016601212,10.673283278942108
2,44,-26.31774166042865,0.23322013053174034,0.05519644642925262,10.673283278942108
2,45,-25.440857434448965,0.08207340362454081,0.07816292842793895,10.673283278942108
2,46,-24.500787921152796,0.4823848066235881,0.02995617289281547,10.673283278942108
2,47,-25.64432376905527,0.0054354392364586255,0.05018538776296323,10.673283278942108
2,48,-25.04983776403972,0.010792604734734779,0.08156038014397589,10.673283278942108
2,49,-23.575765018276282,0.4767866101136211,0.10370335519753794,10.673283278942108
2,50,-24.61182273314542,0.5882673705092615,0.06648502293865637,10.673283278942108
2,51,-23.8805376006571,0.03147424273901458,0.07825156571374807,10.673283278942108
2,52,-24.350800766531346,0.6147403041176257,0.06999278047929494,10.673283278942108
2,53,-21.494603444441893,0.5355418495408266,0.18166964759464774,10.673283278942108
2,54,-23.75270896253703,0.4715693047887902,0.06441793674255376,10.673283278942108
2,55,-24.128824497126228,0.14393901402715112,0.1558201784749294,10.673283278942108
2,56,-24.390012387288557,0.6736969968597623,0.07826947663328256,10.673283278942108
2,57,-24.520599530094614,0.30764547734475545,0.09582229897390446,10.673283278942108
2,58,-24.280488059290803,0.5604861087407526,0.034127293062243894,10.673283278942108
2,59,-23.865133060665027,0.4856554043357009,0.06808678582596964,10.673283278942108
2,60,-23.657133502775153,0.4301519413587149,0.08629004587282944,10.673283278942108
2,61,-23.89490226027977,0.5767034850907589,0.07619774566062686,10.673283278942108
2,62,-24.491095742623493,0.6989394344561821,0.09165605714690336,10.673283278942108
2,63,-23.110782706306217,0.7628565688469966,0.06684688233057855,10.673283278942108
2,64,-23.235748381677965,0.3458317794558622,0.08967354502870338,10.673283278942108
2,65,-24.12578668452953,0.6178788559938909,0.06919749081892834,10.673283278942108
2,66,-24.596671532149333,0.21276201960980168,0.02877850269771046,10.673283278942108
2,67,-24.28235140058795,0.6342018200172878,0.020699971498596505,10.673283278942108
2,68,-23.85613422292485,0.6149331932924058,0.0691766723156859,10.673283278942108
2,69,-23.729747158030257,0.6924370387423716,0.06776011449412311,10.673283278942108
2,70,-24.721959018451166,0.28688292079486727,0.12013170694917481,10.673283278942108
2,71,-25.542907326104427,0.1592744976358412,0.06026096454757256,10.673283278942108
2,72,-23.51413831480705,0.5558576158306914,0.16323926225294497,10.673283278942108
2,73,-24.40567311144509,0.06806911882376852,0.09054082097853539,10.673283278942108
2,74,-22.76349839904208,0.5978624943775774,0.12651760482442542,10.673283278942108
2,75,-22.65202496558404,0.6155911167715789,0.15718644954718014,10.673283278942108
2,76,-24.366980653370057,0.5447984327358152,0.06277587571307981,10.673283278942108
2,77,-23.875662150215486,0.5803956957113133,0.05864262702549386,10.673283278942108
2,78,-22.695477979722934,0.5505599010494046,0.11499326953159551,10.673283278942108
2,79,-23.637774324455908,0.5274493012293349,0.034940762638614474,10.673283278942108
2,80,-23.163246612645374,0.5785947062621487,0.09597178151557226,10.673283278942108
2,81,-22.408883102403113,0.7287303981025723,0.05163578997802177,10.673283278942108
2,82,-25.525976055626245,0.31131118496021193,0.10601000573663341,10.673283278942108
2,83,-23.15907546478438,0.5530939139902504,0.09384013607824554,10.673283278942108
2,84,-22.965288878111018,0.7985952642094631,0.04963660564208183,10.673283278942108
2,85,-23.566385867932993,0.20526305772359946,0.02513929619155494,10.673283278942108
2,86,-23.570074466706387,0.4466038532028454,0.04998873175433149,10.673283278942108
2,87,-26.13344638018561,0.13204631484861828,0.05829162925856863,10.673283278942108
2,88,-25.72807554915017,0.44771118734792587,0.07615590685752735,10.673283278942108
2,89,-23.89165577970602,0.46129963654269,0.0806331648661583,10.673283278942108
2,90,-23.039680477045632,0.6122062440144209,0.05278768212746198,10.673283278942108
2,91,-23.02721845254013,0.5133062655619846,0.08884739732550563,10.673283278942108
2,92,-23.99772193460942,0.7319678754337791,0.028465600712479864,10.673283278942108
2,93,-23.35174742643982,0.5398249965179253,0.04904259629779399,10.673283278942108
2,94,-24.41167099352792,0.5309795817773153,0.06667411070850411,10.673283278942108
2,95,-24.89850496023067,0.07277859576658623,0.06338268853480095,10.673283278942108
2,96,-25.548946095521995,0.012583516536532426,0.03119951588958718,10.673283278942108
2,97,-23.98543961798206,0.760448274633786,0.08008472270102118,10.673283278942108
2,98,-23.273804835621135,0.48017399163583163,0.07768482620823985,10.673283278942108
2,99,-23.031400973403006,0.6099010547545692,0.1402278709084933,10.673283278942108
8,0,-16.04316290851458,0.25979965900528806,0.1810781576062654,30.988850848674772
8,1,-19.989793408070607,0.5297020810826489,0.2234284538817046,30.988850848674772
8,2,-18.664910841592842,0.48456573377190615,0.18821039242310936,30.988850848674772
8,3,-19.62418158959624,0.662833309911218,0.20513183112804073,30.988850848674772
8,4,-18.704718358081514,0.4974125759638168,0.13744433187498886,30.988850848674772
8,5,-20.935946374258606,0.5828346439463724,0.10611382824451532,30.988850848674772
8,6,-19.720563517730692,0.4757057559500688,0.18715777720016583,30.988850848674772
8,7,-21.647687627142478,0.5635513204464652,0.08907578356100998,30.988850848674772
8,8,-19.713329033130098,0.8168277531088548,0.2693598353561104,30.988850848674772
8,9,-19.656364690152937,0.5750631317670617,0.22808945073233183,30.988850848674772
8,10,-16.340937937299167,0.5836427806169185,0.20182603924376985,30.988850848674772
8,11,-19.718333807655174,0.6657830408377524,0.19306135971776678,30.988850848674772
8,12,-19.776263653817544,0.3672184683485833,0.24559807075150406,30.988850848674772
8,13,-17.80412728830628,0.4794256210271041,0.18808289489373886,30.988850848674772
8,14,-26.911701098635366,0.47118376115829913,0.04962190179024898,30.988850848674772
8,15,-18.407915259936978,0.5397660042940805,0.3334174534162144,30.988850848674772
8,16,-18.495611719406234,0.5865141641589363,0.09990973650045121,30.988850848674772
8,17,-19.867388401494406,0.41667762960524335,0.22156032459692346,30.988850848674772
8,18,-18.360258247639997,0.45444988065339964,0.4014783895274885,30.988850848674772
8,19,-18.864413462173246,0.5539780753309426,0.2537303033390689,30.988850848674772
8,20,-18.946939272660302,0.6332546634262946,0.2725827159135802,30.988850848674772
8,21,-17.13403335109334,0.57659213685451,0.10145974889431876,30.988850848674772
8,22,-19.44870686551013,0.7298109319027081,0.3148463961723455,30.988850848674772
8,23,-18.464107013197697,0.6519891412200658,0.11111123415749279,30.988850848674772
8,24,-18.199434475020112,0.5315138280093747,0.17668633887732277,30.988850848674772
8,25,-16.690527758229628,0.4340323786380284,0.0979204367514597,30.988850848674772
8,26,-20.048374090692718,0.41152436522680186,0.16325468883417316,30.988850848674772
8,27,-19.24198021487356,0.36964635250971456,0.18189466136602372,30.988850848674772
8,28,-26.209036575204188,0.4999921236806849,0.0770362473386583,30.988850848674772
8,29,-18.263046118185045,0.6195458723652507,0.10485392170418549,30.988850848674772
8,30,-19.99332607828453,0.695042497320658,0.22822568714309807,30.988850848674772
8,31,-20.21565143739842,0.7241625773821415,0.18695284301786405,30.988850848674772
8,32,-17.672713363877655,0.5075705689547918,0.11313690519821666,30.988850848674772
8,33,-18.816235588887967,0.5703541871932423,0.2212550111577749,30.988850848674772
8,34,-18.432801137383258,0.5338857136073898,0.1260248613215519,30.988850848674772
8,35,-17.991412096956665,0.7482365311650702,0.11595899572784533,30.988850848674772
8,36,-17.970161172870593,0.6102946027792262,0.13092275153732774,30.988850848674772
8,37,-18.742619428482314,0.5104391195822364,0.24318418324166938,30.988850848674772
8,38,-20.135066957580907,0.5182366130386916,0.15236163978573342,30.988850848674772
8,39,-19.057744258785206,0.5580416958567546,0.24314616840637837,30.988850848674772
8,40,-18.95072353431718,0.5462047417774042,0.4043802268665872,30.988850848674772
8,41,-18.754045817509716,0.7222127313867326,0.22184445845625145,30.988850848674772
8,42,-19.730530700563737,0.5813022144073255,0.15382829849665655,30.988850848674772
8,43,-18.685666628870713,0.5647408408974558,0.20271676363308022,30.988850848674772
8,44,-18.900709215046362,0.638130184510553,0.1183210941133102,30.988850848674772
8,45,-20.082161631754154,0.5887721779406349,0.20215012462415805,30.988850848674772
8,46,-18.422766622199163,0.665592204289833,0.1904857363810367,30.988850848674772
8,47,-26.376237000638323,0.48852149210845125,0.078943964532059,30.988850848674772
8,48,-20.106064508502385,0.5047974309087693,0.1626618734880778,30.988850848674772
8,49,-18.967304134492306,0.48349159204703224,0.1404300745317886,30.988850848674772
8,50,-18.12518856868971,0.622116882376076,0.20396099828824438,30.988850848674772
8,51,-19.10092741133338,0.6445975771700284,0.14589233151351172,30.988850848674772
8,52,-26.463701867229563,0.49903347280364985,0.05981617337096868,30.988850848674772
8,53,-18.21434879740012,0.5217163383421479,0.17475491665263987,30.988850848674772
8,54,-19.063545625719325,0.5234785508371018,0.169718004064155,30.988850848674772
8,55,-18.17480511911353,0.4820237869743469,0.1391144936063042,30.988850848674772
8,56,-18.06128322716264,0.5652447861971553,0.21997192082762304,30.988850848674772
8,57,-17.143599129838478,0.5202060010524524,0.14074564071114626,30.988850848674772
8,58,-18.929412237165216,0.6153344627304516,0.14323277198979398,30.988850848674772
8,59,-18.097154240362563,0.5774394563752863,0.1335143064148172,30.988850848674772
8,60,-20.325666282752675,0.4959081135362969,0.1524104395771397,30.988850848674772
8,61,-26.840861277115703,0.49195603816018113,0.06783976658919832,30.988850848674772
8,62,-19.558379510371346,0.6192032445538974,0.1383560010584433,30.988850848674772
8,63,-19.21306412106628,0.5916023571899653,0.20993928078666665,30.988850848674772
8,64,-19.67996760416319,0.6163388891858933,0.23811980524361262,30.988850848674772
8,65,-18.011328386936306,0.4401911267558007,0.09355510868846657,30.988850848674772
8,66,-20.018196994061796,0.5652085465505787,0.11792990291668813,30.988850848674772
8,67,-19.191859015406493,0.42526249550683026,0.13083155595197513,30.988850848674772
8,68,-18.77948570088105,0.6104681122686425,0.19904944364052218,30.988850848674772
8,69,-18.326147290681632,0.5229804464563851,0.19884366162208614,30.988850848674772
8,70,-18.25505590273191,0.568874096295892,0.32696559436947537,30.988850848674772
8,71,-17.02595659870475,0.5769312881132728,0.1990812676454538,30.988850848674772
8,72,-18.468572669867196,0.5096668497857928,0.19240528493851547,30.988850848674772
8,73,-19.61553594507596,0.6266591589754584,0.11712269186093603,30.988850848674772
8,74,-19.064513531819124,0.5100516442065959,0.23427712719189792,30.988850848674772
8,75,-19.111259499266193,0.636407591348727,0.12104118113811038,30.988850848674772
8,76,-19.726902507492724,0.4474705804863994,0.19929012904301677,30.988850848674772
8,77,-21.280668050968536,0.48494689674439717,0.09582019812098008,30.988850848674772
8,78,-21.515768865944178,0.5789591111728383,0.11607360528492487,30.988850848674772
8,79,-20.957191071485653,0.48620407194961474,0.12626906324239928,30.988850848674772
8,80,-18.83427549703075,0.6498999634065856,0.1572070084725518,30.988850848674772
8,81,-18.552973522767044,0.7844965121088733,0.13265161819236188,30.988850848674772
8,82,-19.26705253574755,0.6433445081075374,0.2947799191683764,30.988850848674772
8,83,-19.280040028589415,0.46848893479808706,0.22450801278639915,30.988850848674772
8,84,-18.42481363405105,0.39600116199762386,0.14681754580917897,30.988850848674772
8,85,-19.272333626474193,0.49924532422855683,0.12262139551409341,30.988850848674772
8,86,-19.255159084110666,0.5615052942869778,0.22263503325046824,30.988850848674772
8,87,-19.613808841827186,0.2688945151474474,0.2856715632253744,30.988850848674772
8,88,-19.243854401361855,0.3589988904772596,0.21274933578006988,30.988850848674772
8,89,-19.069568841804013,0.6670142833957651,0.14423437710695244,30.988850848674772
8,90,-20.688390119693018,0.5645715449219048,0.1874580421626997,30.988850848674772
8,91,-21.259360630831033,0.46753398244460015,0.23708707978070093,30.988850848674772
8,92,-18.900767026354327,0.6444170456990267,0.226977626646438,30.988850848674772
8,93,-26.151992951325358,0.48982940965256266,0.0483982447953215,30.988850848674772
8,94,-19.884477044029836,0.4560318209471117,0.19188958440584805,30.988850848674772
8,95,-18.96612776997222,0.4794184242644798,0.22524301561095272,30.988850848674772
8,96,-19.288716562585442,0.5596126614611558,0.12234480895908044,30.988850848674772
8,97,-18.118133441399632,0.49872703644470273,0.2843821067281308,30.988850848674772
8,98,-18.84456280198477,0.45413904589691323,0.3136279705910221,30.988850848674772
8,99,-26.47152978533955,0.4968027356939594,0.11944037103745218,30.988850848674772
16,0,-15.450028963273496,0.5279998209450103,0.343090639547731,58.220007736682895
16,1,-16.10618831949598,0.6696966946085375,0.2857322959101224,58.220007736682895
16,2,-15.034476854764067,0.5044631536188298,0.29349199145479493,58.220007736682895
16,3,-16.35882992917853,0.5535603118258595,0.23558654978372104,58.220007736682895
16,4,-17.199865425454462,0.6129853582484791,0.29766753708738153,58.220007736682895
16,5,-16.016116432912096,0.4768884763751005,0.19626171304314635,58.220007736682895
16,6,-13.551279016716432,0.7390717808950736,0.1487929697710453,58.220007736682895
16,7,-16.766373934516366,1.1585916922679023,0.3212987650715363,58.220007736682895
16,8,-16.049024996684803,0.6597458947140105,0.2458317756563273,58.220007736682895
16,9,-14.25229672382255,0.7361175756903261,0.23324864840639234,58.220007736682895
16,10,-17.551491416487977,0.30265227769244823,0.27710554137521076,58.220007736682895
16,11,-15.815192671059602,0.6652567800617062,0.40895975344734053,58.220007736682895
16,12,-14.607082394461926,0.5733569120892563,0.33311782855903105,58.220007736682895
16,13,-14.316396302110732,1.317431840507595,0.3207898091299272,58.220007736682895
16,14,-14.874210903787123,0.5469895313063571,0.28576216831599194,58.220007736682895
16,15,-14.934576168832944,0.6372837246020027,0.2288952658072574,58.220007736682895
16,16,-16.00064668281544,0.4961841841794887,0.3025506728403854,58.220007736682895
16,17,-15.522736886791122,0.8519854384895907,0.2173178035634265,58.220007736682895
16,18,-16.922555042943156,0.5037314018541947,0.3158097982510714,58.220007736682895
16,19,-15.78469959575093,0.4754527732124234,0.2913113175506831,58.220007736682895
16,20,-19.106808620187067,0.6578916796643491,0.2297132218758027,58.220007736682895
16,21,-18.735475579922404,0.564794053056312,0.2688816727918222,58.220007736682895
16,22,-15.952660577007336,0.4578313588462393,0.233537711307892,58.220007736682895
16,23,-16.191013090359302,0.34456651227825263,0.23488406341890272,58.220007736682895
16,24,-16.634735437793648,0.7254678029850381,0.20767939331484073,58.220007736682895
16,25,-15.34272942216508,0.7468160639267502,0.3477592317502489,58.220007736682895
16,26,-16.066219220997,0.36233842085354906,0.3629280202470757,58.220007736682895
16,27,-15.902313621214537,0.8105013977997497,0.2548586183554718,58.220007736682895
16,28,-16.282184730247554,0.7813124956933692,0.2525122453106619,58.220007736682895
16,29,-15.703219261089743,0.6502813917997026,0.25062089676201044,58.220007736682895
16,30,-16.47729836703482,0.5203843081547564,0.28346023796206665,58.220007736682895
16,31,-15.52025749799055,0.5673346375591067,0.2230626102483264,58.220007736682895
16,32,-13.848871930303336,0.5674457766106711,0.23341040731282023,58.220007736682895
16,33,-16.506410612035808,0.578817899012778,0.22818694899046144,58.220007736682895
16,34,-16.139595526513634,0.5671005412691756,0.25426791599674636,58.220007736682895
16,35,-19.296518886974724,0.5364313629876397,0.2679086361515769,58.220007736682895
16,36,-14.828683273737301,1.0074320517990936,0.3314968446138478,58.220007736682895
16,37,-15.72398062189729,0.7735536168089212,0.24274519086249813,58.220007736682895
16,38,-17.45140433334978,0.5033170893444985,0.22400704608017696,58.220007736682895
16,39,-15.615474903256034,0.8208864962673994,0.24550074943438074,58.220007736682895
16,40,-16.00623206165677,0.8300522782381763,0.1816812056934741,58.220007736682895
16,41,-13.65266368487301,0.5853943626401023,0.2556206942483889,58.220007736682895
16,42,-16.331945785255435,0.5256711979821028,0.2908459958588706,58.220007736682895
16,43,-15.388549517886885,0.6439029115623196,0.3714876128836002,58.220007736682895
16,44,-15.854475844200977,0.696434728803943,0.3117402675726047,58.220007736682895
16,45,-15.264968102061971,0.5465825528452879,0.4138320790071091,58.220007736682895
16,46,-16.31713768371056,0.6549458212100221,0.3402402965933991,58.220007736682895
16,47,-15.564415757860674,0.8696697676819608,0.2171943792722214,58.220007736682895
16,48,-15.941617512689747,0.48434943505721884,0.2553523179421833,58.220007736682895
16,49,-16.175485669503335,0.7431431463540359,0.18506165743372985,58.220007736682895
16,50,-13.398174302453574,0.9305349249086918,0.2722435430697646,58.220007736682895
16,51,-17.36667252705879,0.6351574496349441,0.20908666657750877,58.220007736682895
16,52,-15.10489124444593,0.539467330925939,0.2882752657350789,58.220007736682895
16,53,-15.752241033428042,0.6808052703514396,0.26811464001050017,58.220007736682895
16,54,-16.262005707176613,0.5189456978962125,0.2617826163957763,58.220007736682895
16,55,-17.020750165040784,0.5672044103849903,0.2390452835350403,58.220007736682895
16,56,-18.337460511691205,0.33098153654420104,0.2969805771654534,58.220007736682895
16,57,-16.157436687633208,0.7129697110473832,0.14947543702958724,58.220007736682895
16,58,-15.538906706096924,1.2204959069990817,0.37247505891035887,58.220007736682895
16,59,-16.014952925043595,0.5871463826660787,0.28152819621136427,58.220007736682895
16,60,-15.06467491692862,0.6971215098527827,0.35110501371182107,58.220007736682895
16,61,-19.066551065682663,0.3475685327856469,0.20246382810117902,58.220007736682895
16,62,-15.335871744619489,1.3927633598282534,0.21486366998573114,58.220007736682895
16,63,-15.385397760300215,0.837798445072545,0.3183812751955498,58.220007736682895
16,64,-12.786474580621912,0.6384360565392868,0.3165697510808553,58.220007736682895
16,65,-15.542535497566096,0.42496446754863315,0.2766732491967231,58.220007736682895
16,66,-16.190609554405246,0.41162900156405147,0.18975091009942346,58.220007736682895
16,67,-16.395334188039577,0.6120270102972373,0.25953056728420587,58.220007736682895
16,68,-14.435944042032355,0.8331110976783711,0.23817610380334542,58.220007736682895
16,69,-14.506440995809422,0.6894514585346627,0.39259304837027653,58.220007736682895
16,70,-15.475997691454149,0.4567305981036085,0.21273895850148467,58.220007736682895
16,71,-16.213771572337667,0.7574680060534753,0.28342004105361746,58.220007736682895
16,72,-20.028087835287565,0.40888798251013336,0.2522433490454505,58.220007736682895
16,73,-14.339933106129486,0.5790827647954632,0.2523685737043964,58.220007736682895
16,74,-15.557931837600172,0.5561370859429812,0.28757531252917395,58.220007736682895
16,75,-15.933011226472631,0.8286656730985525,0.2642481134334461,58.220007736682895
16,76,-15.399926659025652,0.7036881271498396,0.5965796202630359,58.220007736682895
16,77,-15.656484689862236,0.8397809600115437,0.2289782476582456,58.220007736682895
16,78,-16.20731182270675,0.6732175586509477,0.2877935642804184,58.220007736682895
16,79,-16.347718768026343,0.47823518108565644,0.3354933662481918,58.220007736682895
16,80,-17.173797511538847,0.6124664491720881,0.23319618145173407,58.220007736682895
16,81,-16.42746825710211,0.7935684740568948,0.22578756910496015,58.220007736682895
16,82,-16.944507035447305,0.5566052724787142,0.25355648093615496,58.220007736682895
16,83,-17.62701111663886,0.4198481156538463,0.27121436101497964,58.220007736682895
16,84,-15.91331222578146,0.5182176372836684,0.2954054181318708,58.220007736682895
16,85,-15.684992905632944,0.5635932477359721,0.2236674795949646,58.220007736682895
16,86,-16.238315917308505,0.4633577126534465,0.28269600583146287,58.220007736682895
16,87,-16.358901141713872,0.5962332687180096,0.2373553956033272,58.220007736682895
16,88,-17.393540600559632,0.6422026968058596,0.37190517211159085,58.220007736682895
16,89,-15.593632508862786,0.5907240998741458,0.259048812820188,58.220007736682895
16,90,-15.481812771299527,0.8900204558311764,0.27391283803991456,58.220007736682895
16,91,-15.511045081571863,0.4394514823700233,0.31224474449218187,58.220007736682895
16,92,-15.498746362191419,0.4920173422353905,0.2065337500827908,58.220007736682895
16,93,-16.515888848925215,0.6472704318143778,0.278054563221329,58.220007736682895
16,94,-14.970176260469522,0.5504860829130822,0.33814195292825927,58.220007736682895
16,95,-16.455585916309815,0.4683254366881444,0.2604706160597128,58.220007736682895
16,96,-15.495044985435932,0.738883572944074,0.28258540148507183,58.220007736682895
16,97,-16.23941534817735,0.5532685896640603,0.27386172467868813,58.220007736682895
16,98,-19.845094629437394,0.3106489501168495,0.1717630456012707,58.220007736682895
16,99,-19.741134544466583,0.3206841642098398,0.28666229206987504,58.220007736682895
32,0,-15.215894194701537,0.9777986817364446,0.2362705058518752,112.48976593732834
32,1,-15.030865866684016,0.9143147776891158,0.23324943201327197,112.48976593732834
32,2,-15.519376501212946,0.874870602784334,0.2379276658522921,112.48976593732834
32,3,-15.649765292364712,0.9240311471805418,0.24853927233731749,112.48976593732834
32,4,-15.113050894616414,0.9594509352449301,0.2847985254405449,112.48976593732834
32,5,-15.089935818133377,1.0369318464315722,0.2652262582826495,112.48976593732834
32,6,-15.403768011421892,1.0289453249836604,0.20783929996229322,112.48976593732834
32,7,-15.16215275891652,0.9316962399887913,0.3027170179143264,112.48976593732834
32,8,-15.163920295808275,0.9544495025927733,0.19684637311749473,112.48976593732834
32,9,-15.217650381860498,0.8753839262500338,0.21604173966397022,112.48976593732834
32,10,-15.161060902854809,0.9808615034589129,0.26039649871567483,112.48976593732834
32,11,-14.999674230830632,1.122846624004359,0.28047955643284017,112.48976593732834
32,12,-14.914204198756117,0.977598452834796,0.22415455470828868,112.48976593732834
32,13,-15.159539274969084,1.0521402119208287,0.2886675663810453,112.48976593732834
32,14,-15.370832838528273,0.9424625510988262,0.1930608493331898,112.48976593732834
32,15,-15.127133513587554,1.0355906369346295,0.3350754876355558,112.48976593732834
32,16,-14.684061237707466,1.0003770569510593,0.2489172754323914,112.48976593732834
32,17,-15.153140532438002,0.9107346265439051,0.19649172982103735,112.48976593732834
32,18,-15.421401452800742,0.9991423210684682,0.248903483002579,112.48976593732834
32,19,-15.04947696255523,0.938845889529008,0.2332626458358491,112.48976593732834
32,20,-15.153462541584746,1.023325271317468,0.2250774561376672,112.48976593732834
32,21,-15.45987536703806,0.9746547225772939,0.21110148652324495,112.48976593732834
32,22,-15.316092889906185,1.0136111074330176,0.24723217223310867,112.48976593732834
32,23,-15.423698057740765,0.9958914465622866,0.2569606599925631,112.48976593732834
32,24,-15.32502659185264,0.9450894628476678,0.2821343301246111,112.48976593732834
32,25,-15.345218621398525,1.063228212073701,0.3116898513029529,112.48976593732834
32,26,-15.294908908750928,1.016992215063472,0.20143814343368246,112.48976593732834
32,27,-15.214605869512845,0.9575189454276132,0.21161946538088766,112.48976593732834
32,28,-15.377372060642202,0.8869853646534548,0.2418468418214426,112.48976593732834
32,29,-15.249808005698426,0.9769174068981674,0.26042408863145466,112.48976593732834
32,30,-14.58387171412318,0.8935613200671773,0.27437540197461086,112.48976593732834
32,31,-15.472249489372278,0.9420354007916536,0.25791466553111914,112.48976593732834
32,32,-15.446436252450425,0.9557543642431925,0.2293365923610671,112.48976593732834
32,33,-14.462892090801535,0.9955899574610038,0.3214067562721344,112.48976593732834
32,34,-15.150957917446576,0.8284462459239238,0.4846805177406992,112.48976593732834
32,35,-14.978942581566766,0.9331711270092135,0.20554627674303522,112.48976593732834
32,36,-14.818019330586502,0.9436338349339612,0.20081065705297096,112.48976593732834
32,37,-15.445131878324919,1.0056178718981807,0.22099057589289056,112.48976593732834
32,38,-15.220536040867918,1.0775487167468454,0.24384441077727723,112.48976593732834
32,39,-14.828264592217302,1.0300616495697372,0.2356710578257651,112.48976593732834
32,40,-15.335763143823375,1.0339050007654813,0.24092463415676021,112.48976593732834
32,41,-15.263733197383747,0.9573331243109799,0.2702300675305377,112.48976593732834
32,42,-15.548726829420945,1.011539957865992,0.2607695906679082,112.48976593732834
32,43,-15.527905634802233,1.0520450859001398,0.26134025640493047,112.48976593732834
32,44,-14.919804111467512,0.9836980598397854,0.3304034225697614,112.48976593732834
32,45,-15.445222034827665,0.9215708964967401,0.30422558035722996,112.48976593732834
32,46,-15.494002940452843,0.9794408217252171,0.3133876562329947,112.48976593732834
32,47,-15.181382970123627,0.9262259703231788,0.2292022352461668,112.48976593732834
32,48,-14.768356826666045,0.8603693794208679,0.24596407367618825,112.48976593732834
32,49,-15.604595239268415,0.9008012113423879,0.2609385132870016,112.48976593732834
32,50,-14.90848660009643,0.9786252309391654,0.27581613215151357,112.48976593732834
32,51,-15.063909845384895,1.016105963769383,0.21804807183120214,112.48976593732834
32,52,-15.286191469739892,0.9694138745907612,0.3312550706146654,112.48976593732834
32,53,-15.044424792207069,0.9089907642063655,0.2665331697630401,112.48976593732834
32,54,-15.158162636677819,0.886300179357607,0.19772819806271713,112.48976593732834
32,55,-15.488785391145372,0.8533825078990176,0.27150400455739965,112.48976593732834
32,56,-15.298989875916574,1.0151956498854537,0.21429030157937717,112.48976593732834
32,57,-15.749328284916807,0.9917462776149961,0.21421985007216998,112.48976593732834
32,58,-15.135378975691891,0.9347355575253947,0.24810208513168183,112.48976593732834
32,59,-15.245311064285813,0.8791388103914928,0.21963249080532132,112.48976593732834
32,60,-14.740376337633606,0.9960222917770746,0.26188794603311866,112.48976593732834
32,61,-15.212635691685072,0.8657312489948104,0.283451905966037,112.48976593732834
32,62,-14.978402894433566,1.0002997793496713,0.2580372506381249,112.48976593732834
32,63,-15.219889791987784,0.896791112040045,0.24330978930072877,112.48976593732834
32,64,-14.933287684588956,1.0231596806983954,0.24211361297345083,112.48976593732834
32,65,-15.426572704502403,1.01186037966339,0.2269097628185597,112.48976593732834
32,66,-15.386874602984218,0.9823157464250778,0.2745574887388194,112.48976593732834
32,67,-15.253623483221187,1.1251517333552246,0.2537161470967835,112.48976593732834
32,68,-13.085397732766301,1.0416489997831035,0.30547673852732193,112.48976593732834
32,69,-15.379698551331316,0.9070312451962231,0.23731937832827746,112.48976593732834
32,70,-15.534760618443864,0.8898665388210785,0.24638113369912615,112.48976593732834
32,71,-15.509184248759231,1.0439451195896314,0.26106220276923486,112.48976593732834
32,72,-15.270736931321764,0.9509266211515379,0.2539786656822286,112.48976593732834
32,73,-15.128388103546104,0.9386463751050003,0.24719155256283398,112.48976593732834
32,74,-15.132051913889233,0.9416468304283845,0.24429544697992078,112.48976593732834
32,75,-15.265781280711096,0.908461700864204,0.23730628882982252,112.48976593732834
32,76,-15.244919562941295,0.9539674132385425,0.21682749399968362,112.48976593732834
32,77,-15.278815545765825,0.9384993997304504,0.20580906192797213,112.48976593732834
32,78,-15.321558518890814,0.9467568807271608,0.27474721814174663,112.48976593732834
32,79,-15.116798147005264,1.0727671873350597,0.2336558416713808,112.48976593732834
32,80,-15.15030518696856,0.9804178530903729,0.24785813131134246,112.48976593732834
32,81,-14.188530108364464,0.9151348094023011,0.2508900291942195,112.48976593732834
32,82,-15.415442312566004,0.9915373503006566,0.2790223360802875,112.48976593732834
32,83,-15.397933786293205,0.9938827109720599,0.21187022203437228,112.48976593732834
32,84,-12.645099956343639,0.936212576302975,0.2906174761766453,112.48976593732834
32,85,-15.229550877858458,1.0450920539239694,0.2357828163889376,112.48976593732834
32,86,-15.105604725151538,1.046686801387224,0.31190558923095774,112.48976593732834
32,87,-15.099848096983555,0.9640514318663567,0.23551142328509606,112.48976593732834
32,88,-14.600133690029702,0.9416007109814971,0.3276068305193466,112.48976593732834
32,89,-15.183504549020196,1.0083962690204904,0.21321898817989646,112.48976593732834
32,90,-14.895799863543779,0.9287448928763584,0.2684903178620808,112.48976593732834
32,91,-14.988390347712341,0.9792424345818476,0.24595564887819996,112.48976593732834
32,92,-15.234068637135532,0.8143156344681602,0.1904627671336709,112.48976593732834
32,93,-15.390973295917254,1.028103818540321,0.19709261019959692,112.48976593732834
32,94,-15.277288149084466,1.012749060431634,0.26425978967266245,112.48976593732834
32,95,-15.504149557373324,0.9776680255918367,0.18317110190124428,112.48976593732834
32,96,-14.74275928874254,1.0049368730106953,0.20971211746889631,112.48976593732834
32,97,-15.215856635939957,0.909110503615147,0.34941371181176417,112.48976593732834
32,98,-15.146486389172857,0.9271809626381169,0.3016872990438818,112.48976593732834
32,99,-15.284820292124245,0.9227884446064267,0.22897936907015903,112.48976593732834
