task,theta,phi_az,sll_ideal,sll_po,delta,rand_tgt_rel,rand_sll
0,28.4778,206.7215,-25.0806,-13.3263,11.7544,-9.2217,0.0000
1,24.3404,2.3002,-24.9355,-13.2138,11.7218,-9.6493,0.0000
2,25.6626,348.6018,-24.4569,-13.2415,11.2154,-28.0940,0.0000
3,19.1166,5.7015,-25.0182,-13.2146,11.8036,-8.5874,0.0000
4,12.4814,340.7221,-25.0404,-13.2597,11.7807,-12.3312,-0.6248
5,40.5285,170.5633,-24.5795,-13.2565,11.3231,-9.5662,0.0000
6,7.0377,28.3708,-24.9440,-13.2195,11.7245,-9.9910,0.0000
7,44.2599,23.2041,-24.7260,-13.2208,11.5052,-9.3465,0.0000
8,23.0478,147.2424,-25.0368,-13.2532,11.7836,-7.5728,0.0000
9,34.8994,26.1052,-25.0150,-13.2047,11.8103,-9.7606,-0.4318
10,23.4347,310.5346,-24.7393,-13.2252,11.5141,-15.2228,0.0000
11,19.7149,279.6520,-24.6683,-13.2039,11.4645,-10.8825,-0.0742
12,25.4225,67.4314,-24.8662,-13.2034,11.6628,-9.1572,0.0000
13,35.2492,90.5747,-25.0147,-13.2034,11.8113,-12.2650,0.0000
14,28.0534,100.8080,-25.0181,-13.2145,11.8036,-16.2501,-0.6202
15,44.8795,114.0949,-24.6797,-13.2640,11.4157,-8.5561,-0.5515
16,15.3896,171.2017,-24.7028,-13.2219,11.4809,-8.1642,0.0000
17,18.0882,242.8676,-25.0409,-13.2606,11.7803,-10.9654,0.0000
18,22.7971,165.5244,-25.0542,-13.2835,11.7707,-6.5025,-0.2658
19,29.7200,136.4541,-24.4231,-13.2118,11.2112,-11.3907,0.0000
