task,method,sll_db,gain_cons_db,perr_max_deg
0,ideal,-24.2184,0.0216,0.0016
0,argsum,-9.7513,0.0311,0.0078
0,1bit_B,-9.3876,0.0912,0.0222
1,ideal,-24.4638,0.0233,0.0008
1,argsum,-9.5574,0.0287,0.0040
1,1bit_B,-11.0900,0.3786,0.0312
2,ideal,-24.5940,0.0276,0.0007
2,argsum,-9.5229,0.0396,0.0038
2,1bit_B,-8.3622,0.1243,0.0373
3,ideal,-24.9741,0.0132,0.0011
3,argsum,-9.6100,0.0184,0.0037
3,1bit_B,-9.4677,0.0904,0.0175
4,ideal,-24.4944,0.0081,0.0005
4,argsum,-9.5427,0.0122,0.0012
4,1bit_B,-9.5501,0.1418,0.0418
5,ideal,-24.9561,0.0264,0.0012
5,argsum,-9.5586,0.0372,0.0028
5,1bit_B,-9.5311,0.3256,0.0291
6,ideal,-23.8594,0.0052,0.0016
6,argsum,-9.5696,0.0027,0.0077
6,1bit_B,-9.4417,0.4945,0.0605
7,ideal,-24.9094,0.0051,0.0006
7,argsum,-9.4970,0.0069,0.0034
7,1bit_B,-10.2627,0.6651,0.0356
8,ideal,-21.6032,0.0085,0.0033
8,argsum,-9.5801,0.0117,0.0072
8,1bit_B,-9.6201,0.5174,0.0324
9,ideal,-22.5037,0.0031,0.0021
9,argsum,-9.5958,0.0034,0.0063
9,1bit_B,-9.4168,0.1746,0.0723
10,ideal,-24.8436,0.0253,0.0006
10,argsum,-9.5746,0.0353,0.0015
10,1bit_B,-9.2941,0.1093,0.0250
11,ideal,-24.8568,0.0058,0.0015
11,argsum,-9.5892,0.0181,0.0111
11,1bit_B,-9.5514,0.0386,0.0298
12,ideal,-24.1941,0.0274,0.0256
12,argsum,-9.5718,0.0481,0.0360
12,1bit_B,-9.3818,0.2641,0.0963
13,ideal,-24.5167,0.0141,0.0007
13,argsum,-9.5306,0.0141,0.0039
13,1bit_B,-9.5751,0.4218,0.0316
14,ideal,-24.4513,0.0069,0.0006
14,argsum,-9.6045,0.0229,0.0106
14,1bit_B,-9.4022,0.3463,0.0666
15,ideal,-25.0117,0.0375,0.0017
15,argsum,-9.4846,0.0508,0.0041
15,1bit_B,-9.3424,0.4116,0.0322
16,ideal,-24.4281,0.0220,0.0007
16,argsum,-9.5363,0.0300,0.0011
16,1bit_B,-10.0598,0.8971,0.0328
17,ideal,-20.0432,0.0165,0.0973
17,argsum,-9.8601,0.0289,0.1444
17,1bit_B,-9.8817,0.5062,0.1617
18,ideal,-24.6360,0.0125,0.0007
18,argsum,-9.4948,0.0048,0.0362
18,1bit_B,-9.7877,0.2029,0.0515
19,ideal,-22.0150,0.0150,0.0256
19,argsum,-10.1506,0.0180,0.0531
19,1bit_B,-9.1075,0.0850,0.0599
